,epoch,loss,iou
0,0,0.23909948086913893,0.7599706965566301
